source_url	local_path	status	bytes
http://ac-Myg6wSTV.clouddn.com/825d7c6a95690b5818eb.jpg		fail:HTTP Error 404: Not Found	0
http://ac-Myg6wSTV.clouddn.com/e46fa45d4cce81bc3be9.jpg		fail:HTTP Error 404: Not Found	0
http://i1.piimg.com/588926/b94a4f4357c4f637.png		fail:<urlopen error [Errno 8] nodename nor servname provided, or not known>	0
http://i2.muimg.com/588926/790b2c633856443f.jpg		fail:<urlopen error [Errno 8] nodename nor servname provided, or not known>	0
http://i4.buimg.com/567571/b260f47416854328.png		fail:<urlopen error [Errno 8] nodename nor servname provided, or not known>	0
http://i4.buimg.com/588926/dc958de8b9576279.png		fail:<urlopen error [Errno 8] nodename nor servname provided, or not known>	0
http://i4.buimg.com/588926/f2f5d8c5668318f2.png		fail:<urlopen error [Errno 8] nodename nor servname provided, or not known>	0
http://okja9ah81.bkt.clouddn.com/export-to-meidum.gif		fail:HTTP Error 404: Not Found	0
http://ozfo4jjxb.bkt.clouddn.com/Snipaste_2018-02-25_10-04-52.png		fail:HTTP Error 404: Not Found	0
http://ozfo4jjxb.bkt.clouddn.com/commits.png		fail:HTTP Error 404: Not Found	0
http://ozfo4jjxb.bkt.clouddn.com/condition1.png		fail:HTTP Error 404: Not Found	0
http://ozfo4jjxb.bkt.clouddn.com/condition2.png		fail:HTTP Error 404: Not Found	0
http://ozfo4jjxb.bkt.clouddn.com/condition3.png		fail:HTTP Error 404: Not Found	0
http://ozfo4jjxb.bkt.clouddn.com/condition4.png		fail:HTTP Error 404: Not Found	0
http://ozfo4jjxb.bkt.clouddn.com/htable.png		fail:HTTP Error 404: Not Found	0
http://ozfo4jjxb.bkt.clouddn.com/map.png		fail:HTTP Error 404: Not Found	0
http://ozfo4jjxb.bkt.clouddn.com/overflow.jpg		fail:HTTP Error 404: Not Found	0
http://ozfo4jjxb.bkt.clouddn.com/page_navigation.gif		fail:HTTP Error 404: Not Found	0
http://ozfo4jjxb.bkt.clouddn.com/right_arrow.gif		fail:HTTP Error 404: Not Found	0
http://ozfo4jjxb.bkt.clouddn.com/wbemtest.png		fail:HTTP Error 404: Not Found	0
http://p0.qhimg.com/t0134bba83d0d53d338.png	images/external/79fe05c2fedf.png	ok	98191
http://p0.qhimg.com/t013f3749db09517261.png	images/external/889f3531df0c.png	ok	96281
http://p0.qhimg.com/t01426ec795f7e96349.png	images/external/627376e52936.png	ok	262909
http://p0.qhimg.com/t014b3078d2d2f39234.png	images/external/9e7a21d0ab01.png	ok	104259
http://p0.qhimg.com/t014ca5be7fe44493bf.png	images/external/35693047df87.png	ok	18279
http://p0.qhimg.com/t015505db9d169c619f.png	images/external/85c3fa4bf4b1.png	ok	24142
http://p0.qhimg.com/t015f3ce37f416cf068.png	images/external/4e44416a1cba.png	ok	116468
http://p0.qhimg.com/t0167435df73cd96e04.png	images/external/a63850ddcaaa.png	ok	192279
http://p0.qhimg.com/t01ad688da96c8d8880.png	images/external/bf431dba7282.png	ok	16247
http://p0.qhimg.com/t01be1c11b6c06f9969.png	images/external/54f063be709d.png	ok	276697
http://p0.qhimg.com/t01d4ca0a2d61fc0a70.png	images/external/f226c7d73514.png	ok	385134
http://p0.qhimg.com/t01e9913ace27e7b1ad.png	images/external/c9ccf79e3aa2.png	ok	24419
https://cdn-images-1.medium.com/max/11520/1*iMkFu1T52fkSnlZDlCrvkQ.jpeg	images/external/9fcea3a97d4b.jpg	ok	1396218
https://cdn-images-1.medium.com/max/2000/0*8HIzvtX-DA3C26uv.png	images/external/235f17fdd3ed.png	ok	158940
https://cdn-images-1.medium.com/max/2000/1*-1x9T6VvBCQihyzwqgnGIA.png	images/external/853cccbe6bb0.png	ok	29048
https://cdn-images-1.medium.com/max/2000/1*T-W_ihvl-9rG4dn18kP3Qw.png	images/external/a1386e4c6593.png	ok	7342
https://cdn-images-1.medium.com/max/2000/1*WlMXK3rs_scqKTRV41au7g.jpeg	images/external/20b377786c34.jpg	ok	17232
https://cdn-images-1.medium.com/max/2000/1*e0nEd59RPKz9coyY8FX-uw.png	images/external/6bffe53d060a.png	ok	3172
https://cdn-images-1.medium.com/max/2048/1*4lHHyfEhVB0LnQ3HlhSs8g.png	images/external/96934d864aa1.png	ok	73180
https://cdn-images-1.medium.com/max/2048/1*AycFMDy9tlDmNoc5LXd9-g.png	images/external/a5c5c6e65e9b.png	ok	36969
https://cdn-images-1.medium.com/max/2048/1*OnH_DlbNAPvB9KLxUCyMsA.png	images/external/3b771658c526.png	ok	32681
https://cdn-images-1.medium.com/max/2048/1*Yp1KOt_UJ47HChmS9y7KXw.png	images/external/ee9e80e305cc.png	ok	27731
https://cdn-images-1.medium.com/max/2062/1*kEQmoMuNBDfZKNSBh0tvRA.png	images/external/861d4763a00f.png	ok	95767
https://cdn-images-1.medium.com/max/2394/1*6Irrxz4EmHaPgVm0JRgVLg.png	images/external/642d00fe53e3.png	ok	22606
https://cdn-images-1.medium.com/max/2572/1*pGvgMABGA1xzrSL9EFGQmQ.png	images/external/db117ed014eb.png	ok	26375
https://cdn-images-1.medium.com/max/2578/1*fjZKIJYmTIxQmVMURYTW9g.png	images/external/f8e54df54930.png	ok	42209
https://cdn-images-1.medium.com/max/2578/1*gWVqib20b1NNzB6vrM-U6w.png	images/external/c17e9b24e88c.png	ok	106125
https://cdn-images-1.medium.com/max/2596/1*VjyG-yoVn9aUYJ_cdN6RYA.png	images/external/456d80ee83f3.png	ok	24978
https://cdn-images-1.medium.com/max/2598/1*Pih87WdfXU_PEXkcbsaAIw.png	images/external/db2f3a193dca.png	ok	73592
https://cdn-images-1.medium.com/max/2604/1*EPEUF9z94mMlCYXMB6HENA.png	images/external/8d172c9ca546.png	ok	36878
https://cdn-images-1.medium.com/max/2606/1*d1OPYjAlr6mUWtjtMRbk6g.png	images/external/193e5a079c13.png	ok	50970
https://cdn-images-1.medium.com/max/2636/1*Gqix0p7PBNJ5htTY3sT7OQ.png	images/external/5d17f8b02701.png	ok	40363
https://cdn-images-1.medium.com/max/2650/1*kl9doAbsvsaQNJdFWhc2-Q.png	images/external/a7633840b122.png	ok	28631
https://cdn-images-1.medium.com/max/2650/1*xGoTkrNMLnwyh7zR2wbbVA.png	images/external/1a831ad7f4e2.png	ok	18193
https://cdn-images-1.medium.com/max/3036/1*Zf4reZZJ9DCKsXf5CSXghg.png	images/external/70af2a010621.png	ok	452224
https://cdn-images-1.medium.com/max/3666/1*k7DkIw1cheKYBwu_AC4SAA.png	images/external/5841fedb0a04.png	ok	60120
https://cloud.githubusercontent.com/assets/12164075/24078742/fdd61a98-0cb0-11e7-9b6b-1d809f889550.png	images/external/4edca42ecc9a.png	ok	39161
https://cloud.githubusercontent.com/assets/12164075/24078815/21ab2790-0cb3-11e7-9f37-1813892890e1.png	images/external/674a08a6ab27.png	ok	61625
https://cloud.githubusercontent.com/assets/12164075/25030441/8f688324-20f7-11e7-8ea0-28c8a664cd17.png	images/external/be4a00e2c3d7.png	ok	275059
https://cloud.githubusercontent.com/assets/12164075/25030485/bbc4e6ce-20f7-11e7-94cd-750656dbaac8.png	images/external/a1ed23015547.png	ok	336436
https://cloud.githubusercontent.com/assets/12164075/25030711/6bfb4b18-20f9-11e7-99d1-91e4e4d3648b.png	images/external/38c6e435b554.png	ok	147294
https://cloud.githubusercontent.com/assets/12164075/25031297/78997930-20fe-11e7-9c15-93ec722ef6b4.png	images/external/bcc603826c9f.png	ok	300844
https://cloud.githubusercontent.com/assets/12164075/25031311/97df4c52-20fe-11e7-9300-9745f9ab096e.png	images/external/82ed67c991df.png	ok	279867
https://cloud.githubusercontent.com/assets/12164075/25045860/e1feedbc-2160-11e7-833e-efd8c9705ad5.png	images/external/f6af8f2f8213.png	ok	220568
https://cloud.githubusercontent.com/assets/12164075/25046025/b74caedc-2161-11e7-90dd-ea87f609bd05.png	images/external/5fe4d3531e73.png	ok	364902
https://cloud.githubusercontent.com/assets/12164075/25047300/8306b65c-2168-11e7-91ac-8615e1f4bcd0.gif	images/external/28dd0dcc2586.gif	ok	1543986
https://cloud.githubusercontent.com/assets/12164075/25060357/a363ba66-21cd-11e7-92cb-604cd3e7d7cf.png	images/external/9f94756bbd63.png	ok	368707
https://cloud.githubusercontent.com/assets/12164075/25060361/dbf3a9a4-21cd-11e7-844e-5281bfb844f8.png	images/external/9e3dcf0b7d64.png	ok	340960
https://cloud.githubusercontent.com/assets/12164075/25060519/ea2206ac-21d1-11e7-9623-6397464faa8d.png	images/external/a4efdf2895f1.png	ok	228531
https://cloud.githubusercontent.com/assets/12164075/25060565/f1c762de-21d2-11e7-9a86-52d9ae1ecc77.png	images/external/9c8a4f6608df.png	ok	444723
https://cloud.githubusercontent.com/assets/12164075/25060705/940e4b0e-21d6-11e7-805f-a6333dd6eb1b.png	images/external/ce5b8ddfe9ac.png	ok	156447
https://cloud.githubusercontent.com/assets/12164075/25060826/052d1ea8-21d9-11e7-9908-eaad30c3ecbc.png	images/external/c632c485a260.png	ok	460321
https://cloud.githubusercontent.com/assets/12164075/25060886/ef8a172a-21da-11e7-8b48-080b5e90acc1.gif	images/external/2ab5f47a9f20.gif	ok	279347
https://cloud.githubusercontent.com/assets/12164075/25061012/c30c7ca2-21de-11e7-9b84-7bbcb0e02dbc.gif	images/external/5799a514711c.gif	ok	286004
https://cloud.githubusercontent.com/assets/12164075/25061021/27c236a0-21df-11e7-9292-d44509b0301f.png	images/external/9aab61f252ee.png	ok	269522
https://cloud.githubusercontent.com/assets/12164075/25061377/6e9fba9a-21e7-11e7-8244-ff223a701bbf.png	images/external/d749839664ed.png	ok	201087
https://cloud.githubusercontent.com/assets/12164075/25061599/c03abddc-21ec-11e7-92f8-bbceb774bc55.png	images/external/f806ae4a1211.png	ok	251008
https://cloud.githubusercontent.com/assets/12164075/25061913/2b8f4d5e-21f3-11e7-883a-25af266eb6e1.png	images/external/38590fd79aa1.png	ok	248878
https://cloud.githubusercontent.com/assets/12164075/25061915/5305fe00-21f3-11e7-9368-00573e76f967.png	images/external/7ddf399052f8.png	ok	151511
https://cloud.githubusercontent.com/assets/12164075/26159161/64653cbc-3b50-11e7-9ad8-3c187ec6e391.png	images/external/ea85497dcd80.png	ok	4139862
https://cloud.githubusercontent.com/assets/12164075/26274743/77a794ca-3d83-11e7-861f-6504b9c0e8c6.png	images/external/137255db66a9.png	ok	3909828
https://cloud.githubusercontent.com/assets/12164075/26275010/948ad254-3d89-11e7-8a1a-300144626274.png	images/external/a3324cef21bf.png	ok	12920
https://i.loli.net/2018/08/23/5b7eb1fbdb1b1.jpeg	images/external/d5b5e5bb4ec2.jpg	ok	24456
https://i.loli.net/2021/03/09/mwgJZQ2MPtlT14o.png	images/external/e3f96300f96b.png	ok	54772
https://i.loli.net/2021/04/17/SusckilMNTXYv3E.png	images/external/418c9ce9c904.png	ok	80830
https://i.loli.net/2021/04/17/wkVgoAlPMSFXThv.gif	images/external/5afd5e3abb8a.gif	ok	487506
https://i.postimg.cc/1tqPXJLn/image.png	images/external/e4d67a1095ea.png	ok	73535
https://i.postimg.cc/76n4SfZw/image.png	images/external/480ac77b22d2.png	ok	73373
https://i.postimg.cc/BbwDM7wZ/image.png	images/external/efd9df15a831.png	ok	180758
https://i.postimg.cc/SsKtRs3n/image.png	images/external/6168520dfaa0.png	ok	147734
https://i.postimg.cc/VL7DbVt4/image.jpg	images/external/e06b4711e5eb.jpg	ok	175890
https://i.postimg.cc/X7KCyGy8/image.jpg	images/external/6749887b2e63.jpg	ok	223223
https://i.postimg.cc/ZKRck23L/image.png	images/external/a545375a2179.png	ok	74934
https://i.postimg.cc/dVBYTM7y/image.png	images/external/8845d30bfbfa.png	ok	182954
https://i.postimg.cc/fTqkFgjm/image.png	images/external/4024779beeb4.png	ok	49166
https://i.postimg.cc/zGfKHgpS/image.png	images/external/1d732d48805c.png	ok	91100
https://ooo.0o0.ooo/2017/04/15/58f1d99c2f24f.png	images/external/cd861420934a.png	ok	160005
https://ooo.0o0.ooo/2017/04/15/58f1d9e6a3d09.png	images/external/934b95e1cde3.png	ok	164254
https://ooo.0o0.ooo/2017/04/15/58f1da4a07318.png	images/external/8670ddd5a7c1.png	ok	179159
https://p4.ssl.qhimg.com/t019817257e653fdf5e.jpg	images/external/cc20c2996bc0.jpg	ok	67965
https://res.cloudinary.com/snyk/image/upload/f_auto,w_2560,q_auto/v1732628085/Screenshot_2024-11-26_at_8.34.18_AM.png	images/external/c95fd8ae9107.png	ok	124253
https://s2.loli.net/2022/01/23/47uZbCkdxXYFQPH.png	images/external/3f6e921ea477.png	ok	1530608
https://s2.loli.net/2022/01/28/x9Bq8fAhMPJOdDT.png	images/external/798ec96a1ec8.png	ok	1022382
https://s2.loli.net/2022/03/06/WeHphMDZx1dGc9f.png	images/external/9409039f385d.png	ok	330066
https://s2.loli.net/2022/03/06/xqLWS2B9NADG5sX.png	images/external/181c75ad1954.png	ok	84056
https://s2.loli.net/2022/03/07/WflIST1gkPMtaC8.gif	images/external/3da1358feade.gif	ok	1892488
https://s2.loli.net/2022/03/07/arGfHwSqNVi8xFn.png	images/external/597eb92ca660.png	ok	58658
https://s2.loli.net/2022/03/07/mW3RuNJoxUwzfBZ.png	images/external/2618f32837fb.png	ok	148875
https://s2.loli.net/2022/03/07/n1i4asOoWcAUCZ2.png	images/external/78f0bc56d26e.png	ok	289829
https://s2.loli.net/2022/03/07/pQ7CqLrlw8MkYXv.png	images/external/699174f3a0d5.png	ok	509580
https://s2.loli.net/2022/04/22/3hgmbpGaYCiZ6E4.png	images/external/c836416e67a0.png	ok	200349
https://s2.loli.net/2022/04/22/DN8OojprshBYmUq.jpg	images/external/5a25a7fba8e2.jpg	ok	76358
https://s2.loli.net/2022/05/01/3vfFiJLTnHZ7h5q.gif	images/external/a44103d29b40.gif	ok	837800
https://s2.loli.net/2022/05/01/GQ4BeAxFrzinKPw.gif	images/external/7f559e2043a3.gif	ok	473099
https://s2.loli.net/2022/05/01/fEBJmDLhl8KeoIa.gif	images/external/1456aab206e0.gif	ok	610622
https://s2.loli.net/2022/05/01/vfxXRiu8U9QGN2h.gif	images/external/19cb1d48ab24.gif	ok	494879
https://s2.loli.net/2022/05/01/vrSC83Kauqls1UY.gif	images/external/52b7bd3f4bec.gif	ok	918666
https://s2.loli.net/2022/05/03/DF9s1MzR6mnxylG.png	images/external/5e70aeb54d4c.png	ok	43230
https://s2.loli.net/2022/05/03/KtuXpiqyf6EFsYm.png	images/external/bd6d0141d41b.png	ok	94856
https://s2.loli.net/2022/05/03/Tp6FSbZXKy9e3Yi.png	images/external/c47b0f9d8f4e.png	ok	19701
https://s2.loli.net/2022/05/03/ViGYdZAO6jEsSz3.png	images/external/336e997accc4.png	ok	141477
https://s2.loli.net/2022/05/03/WE5SDukXvYwTQ4n.png	images/external/a0518d9597fa.png	ok	110302
https://s2.loli.net/2022/05/03/e1rRh9axn5lIFEg.png	images/external/a340a9114930.png	ok	241854
https://s2.loli.net/2022/05/03/wGphsPyntzdJgqc.png	images/external/5ebea8850d68.png	ok	39466
https://s2.loli.net/2022/05/03/ykUnb8lR1dhTI5c.png	images/external/7cc1abba54be.png	ok	95036
https://s2.loli.net/2022/05/09/YOecDy35E4lrMix.png	images/external/e35159a37270.png	ok	70345
https://s2.loli.net/2022/08/13/nbKVi9ZoHa8XjQU.jpg	images/external/98a0956e38e5.jpg	ok	118634
https://s2.loli.net/2022/08/13/y6tZzYclWuoBgP2.jpg	images/external/cf04af2a9d0d.jpg	ok	84437
https://s2.loli.net/2022/09/25/2Ygm7uK8pM5S3qf.jpg	images/external/152efbf4d5d9.jpg	ok	216055
https://s2.loli.net/2022/09/25/DrfNEqpuakTUtPs.jpg	images/external/aa2cf35e12ff.jpg	ok	451610
https://s2.loli.net/2022/09/25/UelqrcLu8f6hIZ5.png	images/external/2a11034fe964.png	ok	76488
https://s2.loli.net/2022/09/25/aFl2H8tpeOskAnx.png	images/external/2dc57e765064.png	ok	1985022
https://s2.loli.net/2022/09/25/txelfjwUqQrJKTH.jpg	images/external/9fe846b52e2e.jpg	ok	248984
https://s2.loli.net/2022/09/25/uJhb6DT82ev7UNB.png	images/external/f77c095531aa.png	ok	68674
https://s2.loli.net/2022/09/25/uxAaHDtbfB8dkIq.jpg	images/external/97ef538341c1.jpg	ok	463735
https://s2.loli.net/2022/12/02/7u4QkvmaSXf3h1P.png	images/external/dea40cbb6967.png	ok	111589
https://s2.loli.net/2022/12/02/gimLFn6STdueshU.png	images/external/bf396bad41ee.png	ok	446024
https://s2.loli.net/2023/02/17/4etHZ1jUbgFu5ok.jpg	images/external/99187d6978ce.jpg	ok	1021919
https://s2.loli.net/2023/02/17/S6xWJcVtYRzpUIm.jpg	images/external/79f9ce75dc7f.jpg	ok	642288
https://s2.loli.net/2023/08/13/2AwIjqF1nhX45iE.jpg	images/external/19dd4d7ae283.jpg	ok	3678694
https://s2.loli.net/2023/08/13/e1jkbMzEiHnxTQL.jpg	images/external/a55e65582ba9.jpg	ok	972095
https://s2.loli.net/2023/08/13/tohymSBDEbx8qz5.png	images/external/b736de429c35.png	ok	2111004
https://s2.loli.net/2023/09/07/spyaPztHqLovZ69.png	images/external/52abab145efb.png	ok	340403
https://s2.loli.net/2024/03/29/48EWRegFvPGiMnw.png	images/external/0b3f5071dc85.png	ok	139712
https://s2.loli.net/2024/06/27/5W9kGABKdOEcxiY.png	images/external/7d619c9b9423.png	ok	118782
https://s2.loli.net/2024/06/27/6DE4ZUfvYnMrkpV.png	images/external/09f90d59f1ff.png	ok	59538
https://s2.loli.net/2024/06/27/NiF2Wmut8VcIoQL.png	images/external/570bc221d7fe.png	ok	394076
https://s2.loli.net/2024/06/27/Ok9YVIlLcMg3Rty.png	images/external/870979cfb7f8.png	ok	69219
https://s2.loli.net/2024/06/27/UFshrZmgiaCtRPb.png	images/external/380a6634b727.png	ok	113213
https://s2.loli.net/2024/06/27/YkpfmW3UrxcsGFP.png	images/external/1b9fb01d0db9.png	ok	104277
https://s2.loli.net/2024/06/27/hoHp1TNFe7kbx8Y.png	images/external/645c017fe48d.png	ok	664903
https://s2.loli.net/2024/06/27/zwrQXv1eHiDOmox.png	images/external/5e9ce54bb206.png	ok	631797
https://s2.loli.net/2024/06/30/6isjUgpFb3v4uBR.png	images/external/4feba8d7117a.png	ok	52943
https://s2.loli.net/2024/06/30/7OmAfFaQVrBGyPq.png	images/external/44ae564dcd74.png	ok	454165
https://s2.loli.net/2024/06/30/A4COpBN72KjkUr6.png	images/external/4b1f9b6003fc.png	ok	30461
https://s2.loli.net/2024/06/30/AVQJ65bxtwedWUT.png	images/external/40dc1a04b83a.png	ok	44076
https://s2.loli.net/2024/06/30/HlDOT32BIinN4MU.png	images/external/13d1a776179e.png	ok	135019
https://s2.loli.net/2024/06/30/HsdhwSjvabrz5WA.png	images/external/f3258641cb83.png	ok	123921
https://s2.loli.net/2024/06/30/XO3NWnDoaB4LKCF.png	images/external/a6d492014dec.png	ok	187868
https://s2.loli.net/2024/06/30/Y7O3DGTN2cPsrmt.png	images/external/8ba7724e50d6.png	ok	51199
https://s2.loli.net/2024/06/30/YwucRKIGJsNDVAT.png	images/external/2cdf3deeac9b.png	ok	43380
https://s2.loli.net/2024/06/30/eRIdwYPNWmXH2aU.png	images/external/d8c079232a5b.png	ok	207309
https://s2.loli.net/2024/06/30/iRuLXQxb56kJPzI.png	images/external/23668a24aefc.png	ok	252470
https://s2.loli.net/2024/06/30/j7yxYeV48SMNfWb.png	images/external/35495e1ae453.png	ok	188582
https://s2.loli.net/2024/06/30/kwIVFbTZmCzlqxH.png	images/external/8e21cd7d2443.png	ok	219780
https://s2.loli.net/2024/06/30/mNkUfxMon7YHJTe.png	images/external/25f31284fdfe.png	ok	32277
https://s2.loli.net/2024/06/30/mVqNXzxMaUrcY9s.png	images/external/f976c99d8c7e.png	ok	59563
https://s2.loli.net/2024/06/30/vCflb8aIqe7Dp4J.png	images/external/87b3233766b9.png	ok	244306
https://s2.loli.net/2024/06/30/x2ovPRMyUTqsI18.png	images/external/c10323b7cbd6.png	ok	72393
https://s2.loli.net/2024/06/30/zgn7QPflJA4FN3X.png	images/external/916b8fc3cc7e.png	ok	51750
https://s2.loli.net/2024/07/01/w8pXvBmZJPjAGFe.png	images/external/41e68ca87989.png	ok	11785
https://sm.ms/		fail:not an image (looks like html/json), ct=text/html; charset=utf-8	0
https://user-images.githubusercontent.com/12164075/114326875-58e1da80-9b69-11eb-82a5-b2e3751a2304.png	images/external/b6594981798a.png	ok	15646
https://user-images.githubusercontent.com/12164075/166859685-3ced9cbf-6260-4c4f-8653-8457f6d035b4.png	images/external/e611d755db5c.png	ok	647796
https://user-images.githubusercontent.com/12164075/166859772-079e6b39-d767-41c0-9805-98863c61ffda.png	images/external/0636c86906b0.png	ok	252403
https://user-images.githubusercontent.com/12164075/28745292-2d209ce2-74a8-11e7-9858-214153c97aa2.png	images/external/eb03b6448983.png	ok	241078
https://user-images.githubusercontent.com/12164075/28749646-cc68858c-7500-11e7-8d17-25fb43657f1c.png	images/external/04f8bbae7a97.png	ok	463638
https://user-images.githubusercontent.com/12164075/36637212-0f51287a-1a12-11e8-920a-c45f20cbf2e7.gif	images/external/f373a9a1ab36.gif	ok	214807
https://user-images.githubusercontent.com/12164075/37656324-ace5c2b2-2c82-11e8-8b6a-b3c96e091c73.gif	images/external/60e68d1bb6d1.gif	ok	337532
https://user-images.githubusercontent.com/12164075/47776907-72db2a00-dd2e-11e8-9862-db4aa5c458ff.gif	images/external/e7de6653c2b0.gif	ok	1170176
